Coca-cola, Mata a sede voce, 12.00, coca.jpg
Doritos, Suja a mão, 8.50, doritos.jpg
Banana, Banana Verde, 22.00, banana.jpg
Teclado Mecânico, Joga fora acorda o bairro todo, 230.0, teclado.jpg
Salto,15cm Loubotin,2k,loubotin.jpgSalto,15cm Loubotin,2k,loubotin.jpgSalto,15cm Loubotin,2k,loubotin.jpgSalto,15cm Loubotin,2k,loubotin.jpgSalto,15cm Loubotin,2k,loubotin.jpgSalto,15cm Loubotin,2k,loubotin.jpgSalto,15cm Loubotin,2k,loubotin.jpgSalto,15cm Loubotin,2k,loubotin.jpgSalto,15cm Loubotin,2k,loubotin.jpg
Salto,15cm Loubotin,2k,loubotin.jpg
Esmalte,15cm Loubotin,2k,loubotin.jpg
Bolsas,verde,7k,birkin.jpg
Salto,15cm Loubotin,2k,loubotin.jpg
Esmalte,15cm Loubotin,2k,loubotin.jpg
Bolsas,verde,7k,birkin.jpg